[
  {
    "message": "\ud83d\udc23 **Subbed Skyfolk!** \ud83c\udfa8 Don\u2019t forget to fill out your **[Peep Customization Form!]**(https://forms.gle/vGfCefz7sfrvA1519) Let your stream peep show off your style! \u2728 \ud83d\udcdd \ud83d\udc9b Peep\u2019s ready with the sparkles~",
    "time": "2025-06-01T18:00:00+00:00",
    "channel_id": 1335288201811595346,
    "recurring": "weekly",
    "created_by": "Saphia\ud83e\ude77",
    "sent": true,
    "next_occurrence": "2025-06-01T18:00:00+00:00"
  }
]